,train,validation,test
R2,-1.0599828,-1.1522493,-1.0806832
MAE,9093.558,9769.466,9356.881
MSE,1.5466528e+08,1.721717e+08,1.6236803e+08
