,train,validation,test
R2,0.980601,0.98119116,0.9816246
MAE,15.984478,16.162811,15.751005
MSE,405.48022,402.12708,387.7628
